ID del Caso de Prueba, Descripción, Labels, Modulo de ejecución
TC001_NewAccountChecking,Crea una cuenta de tipo Checking,e2e,tests.e2e.account.open_new_account
TC002_NewAccountSavings,Crea una cuenta de tipo Savings,e2e,tests.e2e.account.open_new_account
TC003_NewAccountChecking_TransferFundsToNewAccount,Crea una cuenta de tipo Checking y transfiere fondos de una cuenta existente a la nueva cuenta,workflow,tests.workflows.account.transfer_funds
TC003_NewAccountChecking_TransferFundsToExistingAccount,Crea una cuenta de tipo Checking y transfiere los fondos de la nueva cuenta a una existente,workflow,tests.workflows.account.transfer_funds
TC004_NewAccountSavings_TransferFundsToNewAccount,Crea una cuenta de tipo Savings y transfiere fondos de una cuenta existente a la nueva cuenta,workflow,tests.workflows.account.transfer_funds
TC004_NewAccountSavings_TransferFundsToExistingAccount,Crea una cuenta de tipo Savings y transfiere los fondos de la nueva cuenta a una existente,workflow,tests.workflows.account.transfer_funds
TC005_NewAccountChecking_GetOverview,Crea una cuenta de tipo Checking y obtiene el resumen de la cuenta,workflow,tests.workflows.account.get_overview
TC006_NewAccountSavings_GetOverview,Crea una cuenta de tipo Savings y obtiene el resumen de la cuenta,workflow,tests.workflows.account.get_overview
TC007_NewAccountChecking_TransferFundsToNewAccount_GetOverview,Crea una cuenta de tipo Checking. Transfiere fondos a una nueva cuenta y obtiene el resumen,workflow,tests.workflows.account.get_overview
TC008_NewAccountChecking_TransferFundsToExistingAccount_GetOverview,Crea una cuenta de tipo Checking. Transfiere fondos a una nueva cuenta y obtiene el resumen,workflow,tests.workflows.account.get_overview
TC009_NewAccountSavings_TransferFundsToNewAccount_GetOverview,Crea una cuenta de tipo Savings. Transfiere fondos a una nueva cuenta y obtiene el resumen,workflow,tests.workflows.account.get_overview
TC010_NewAccountSavings_TransferFundsToExistingAccount_GetOverview,Crea una cuenta de tipo Savings. Transfiere fondos a una nueva cuenta y obtiene el resumen,workflow,tests.workflows.account.get_overview
TC011_NewAccountChecking_BillPayment,Crea una cuenta de tipo Checking y realiza un pago de factura,workflow,tests.workflows.account.bill_payment
TC012_NewAccountSavings_BillPayment,Crea una cuenta de tipo Savings y realiza un pago de factura,workflow,tests.workflows.account.bill_payment
TC013_NewAccountChecking_TransferFundsToNewAccount_FindTransactionByID,Crea una cuenta de tipo Checking. Transfiere fondos a una nueva cuenta y busca la transacción por ID,workflow,tests.workflows.account.find_transaction
TC014_NewAccountChecking_TransferFundsToNewAccount_FindTransactionByDate," Crea una cuenta de tipo Checking. Transfiere fondos a una nueva cuenta y busca la transacción por fecha",workflow,tests.workflows.account.find_transaction
TC015_NewAccountChecking_TransferFundsToNewAccount_FindTransactionByDateRange," Crea una cuenta de tipo Checking. Transfiere fondos a una nueva cuenta y busca la transacción por rango de fechas",workflow,tests.workflows.account.find_transaction
TC016_NewAccountChecking_TransferFundsToNewAccount_FindTransactionByAmount," Crea una cuenta de tipo Checking. Transfiere fondos a una nueva cuenta y busca la transacción por monto",workflow,tests.workflows.account.find_transaction
TC017_NewAccountSavings_TransferFundsToNewAccount_FindTransactionByID,Crea una cuenta de tipo Savings. Transfiere fondos a una nueva cuenta y busca la transacción por ID,workflow,tests.workflows.account.find_transaction
TC018_NewAccountSavings_TransferFundsToNewAccount_FindTransactionByDate," Crea una cuenta de tipo Savings. Transfiere fondos a una nueva cuenta y busca la transacción por fecha",workflow,tests.workflows.account.find_transaction
TC019_NewAccountSavings_TransferFundsToNewAccount_FindTransactionByDateRange," Crea una cuenta de tipo Savings. Transfiere fondos a una nueva cuenta y busca la transacción por rango de fechas",workflow,tests.workflows.account.find_transaction
TC020_NewAccountSavings_TransferFundsToNewAccount_FindTransactionByAmount," Crea una cuenta de tipo Savings. Transfiere fondos a una nueva cuenta y busca la transacción por monto",workflow,tests.workflows.account.find_transaction
TC021_NewAccountChecking_RequestLoan,Crea una cuenta de tipo Checking y solicita un préstamo,workflow,tests.workflows.account.request_loan
TC022_NewAccountSavings_RequestLoan,Crea una cuenta de tipo Checking y solicita un préstamo,workflow,tests.workflows.account.request_loan
TC023_AccountOverview,Obtiene el resumen de una cuenta existente,e2e,tests.e2e.account.account_overview
TC024_TransferFunds_PositiveBalance,Transfiere fondos de una cuenta existente con saldo positivo,e2e,tests.e2e.account.transfer_funds
TC025_TransferFunds_NegativeBalance,Transfiere fondos de una cuenta existente con saldo negativo,e2e,tests.e2e.account.transfer_funds
TC026_TransferFunds_AlphanumericAmount,Transfiere fondos de una cuenta existente con monto alfanumérico,e2e,tests.e2e.account.transfer_funds
TC027_BillPayment," Realiza un pago de factura de una cuenta existente",e2e,tests.e2e.account.bill_payment
TC028_RequestLoan," Solicita un préstamo de una cuenta existente",e2e,tests.e2e.account.request_loan
